Gender,Student Age,Marital Status,Continent of Origin,Country of Origin (Nationality),Current Level of Education,Pursued Qualification,Type of University,Factors Influenced,Information Source,Previous Performance,Exam Preparatiom,Frequency of lectures Attendance,ASS Utilisation,Language of Instruction ,How satisfied are you with the feedback provided by your instructors on your academic work,How would you rate the level of academic support provided by faculty members in your department,Academic Rigour Perception, Technology Access ,Accommodation Type,Living Arrangements,Education Finance,After Studies,Quality of Education in Germany,Language Class Attendance,Levels of Language,Employment Status,District of Residence,Name of Institution,Course of Study,Religion,Spoken Languages,Satisfied Level
Male,26 - 35,Single,Africa,Ghana,Master´s Degree,Master´s Degree,Private,Foreign Exposure,Internet Search,Excellent,Participating in Study Groups,Always,No,English,Neutral,Good,Similar,"Yes, Always",Shared Apartment,Managing,"Part - Time Job, Blocked Account","Seek Employment in Germany, Pursue Further Education",Better,No,A1,"Student, Unemployed","Berlin, Hellersdorf",BSBI,Global MBA,Christianity,English,4
Male,26 - 35,Married,Africa,Ghana,Doctorate / PhD,Master´s Degree,Public,"Better Infrastucture, Foreign Exposure",Internet Search,Excellent,"Reviewing Lecture Notes, Using Online Resources",Sometimes,Yes,English,Satisfied,Good,Similar,"Yes, Always",Shared Apartment,Satisfied,Scholarships / Grants,Others,Better,Yes,A2,Employed,Brandenburg,Potsdam University,Biology,Christianity,English,4
Male,36 -45,Single,Africa,Nigeria,Master´s Degree,Master´s Degree,Public,Better Education,Agent,Excellent,Creating Study Guides,Always,No,English,Satisfied,Excellent,More Challenging,"Yes, Always",Shared Apartment,Satisfied,Personal Savings,Others,Better,No,A2,Personal,Berlin,Personal,Law,Christianity,English,4
Male,18 - 25,Single,Africa,Nigeria,Bachelor´s Degree,Master´s Degree,Public,"Better Education, Greener Pasture","Internet Search, Friend",Excellent,"Reviewing Lecture Notes, Using Online Resources",Sometimes,No,English,Neutral,Poor,More Challenging,"Yes, Always",Student Hostel,Very Satisfied,Part - Time Job,Seek Employment in Germany,Best,No,A2,Student,Brandenburg,BTU,Cybersecurity,Christianity,English,3
Female,26 - 35,Single,Africa,Nigeria,Master´s Degree,Master´s Degree,Public,"Better Education, Better Infrastucture, Foreign Exposure, Greener Pasture",Family friend,Good,"Reviewing Lecture Notes, Creating Study Guides",Sometimes,No,English,Neutral,Fair,More Challenging,"Yes, Always",Student Hostel,Managing,"Part - Time Job, Blocked Account",Seek Employment in Germany,Better,Yes,A1,Employed,Saxony Anhalt,Otto von Guericke Universität,Chemical Engineering,Christianity,English,4
Female,26 - 35,Married,Africa,Nigeria,Master´s Degree,Master´s Degree,Private,Foreign Exposure,Internet Search,Average / Fair,"Reviewing Lecture Notes, Using Online Resources",Always,No,English,Very Satisfied,Good,Less Challenging,"Yes, Always",Student Hostel,Managing,"Personal Savings, Blocked Account","Seek Employment in Germany, Pursue Further Education",Best,Yes,A1,Student,Berlin,BSBI,Digital marketing,Christianity,English,5
Male,26 - 35,Single,Africa,Nigeria,Master´s Degree,Master´s Degree,Public,"Better Education, Better Infrastucture, Foreign Exposure",Internet Search,Good,"Reviewing Lecture Notes, Using Online Resources",Always,Yes,English,Satisfied,Good,More Challenging,"Yes, Always",Student Hostel,Very Satisfied,Blocked Account,Seek Employment in Germany,Better,Yes,B1,Employed,North Rhein Westfalien,University of Siegen,Human computer interaction,Christianity,"English, German",4
Male,46 - 55,Married,Africa,Nigeria,Master´s Degree,Master´s Degree,Private,"Better Education, Foreign Exposure",Internet Search,Excellent,"Reviewing Lecture Notes, Creating Study Guides, Participating in Study Groups",Always,Yes,English,Satisfied,Good,More Challenging,"Yes, Always",Shared Apartment,Satisfied,"Part - Time Job, Blocked Account","Seek Employment in Germany, Pursue Further Education",Best,Yes,A2,Student,Marzahn,BSBI,Data Analytics,Christianity,English,4
Male,36 -45,Single,Africa,Nigeria,Master´s Degree,Master´s Degree,Private,"Better Education, Better Infrastucture, Foreign Exposure, Greener Pasture",Internet Search,Good,"Reviewing Lecture Notes, Using Online Resources",Always,Yes,English,Neutral,Excellent,Similar,"Yes, Always",Shared Apartment,Satisfied,"Personal Savings, Part - Time Job, Blocked Account",Seek Employment in Germany,Better,Yes,B1,Student,Brandenburg,BSBI,MSc International Health management,Christianity,"English, German",4
"Male, Prefer not to say","18 - 25, 26 - 35",Single,Africa,Ghana,Bachelor´s Degree,Master´s Degree,Private,Better Infrastucture,Internet Search,Good,Using Online Resources,Rarely,No,English,Satisfied,Good,Similar,"Yes, most of the time",Shared Apartment,Satisfied,Blocked Account,Others,Best,Yes,A1,Student,Berlin,BSBI,,Christianity,English,4
Female,26 - 35,Married,Africa,Ethiopia,Master´s Degree,Master´s Degree,Public,Foreign Exposure,Internet Search,Good,Reviewing Lecture Notes,Sometimes,No,English,Neutral,Good,Similar,"Yes, Always",Rented Flat,Satisfied,"Personal Savings, Part - Time Job",Seek Employment in Germany,Good,Yes,B1,"Student, Employed",Berlin,Unikassel,IFBC,Christianity,"English, German",3
Male,36 -45,Married,Africa,Ghana,Master´s Degree,Master´s Degree,Private,Better Education,Internet Search,Good,Reviewing Lecture Notes,Always,Yes,English,Satisfied,Fair,Similar,"Yes, Always",Shared Apartment,Managing,Part - Time Job,"Seek Employment in Germany, Pursue Further Education",Good,No,NA,Student,Berlin,BSBI,Information Technology Management,Christianity,English,1
Male,46 - 55,Married,Africa,Nigeria,Master´s Degree,Master´s Degree,Private,"Better Education, Better Infrastucture, Foreign Exposure, Greener Pasture",Internet Search,Good,"Reviewing Lecture Notes, Using Online Resources",Always,No,English,Satisfied,Good,More Challenging,"Yes, Always",Shared Apartment,Satisfied,"Personal Savings, Part - Time Job, Blocked Account, Loans",Seek Employment in Germany,Better,Yes,A1,Employed,Berlin,Arden University,IT Security Management,Christianity,"English, Yoruba",4
Male,26 - 35,Single,Africa,Ghana,Master´s Degree,Master´s Degree,Public,Foreign Exposure,,Good,"Reviewing Lecture Notes, Creating Study Guides, Participating in Study Groups, Using Online Resources",Always,Yes,English,"Satisfied, Neutral","Good, Fair",Similar,"Yes, Always",Student Hostel,Satisfied,"Part - Time Job, Blocked Account, Sponsorship","Seek Employment in Germany, Pursue Further Education",Better,No,B1,"Student, Employed",Berlin,Hochschule Furtwangen Universität,Master of Arts in International Relations,Christianity,"English, German, Ghanaian Language (TWI)",4
Male,26 - 35,Single,Africa,Ghana,Master´s Degree,Bachelor´s Degree,Public,Foreign Exposure,Academic Colleague,Good,"Reviewing Lecture Notes, Using Online Resources",Sometimes,Yes,English,Satisfied,Excellent,More Challenging,"Yes, Always",Shared Apartment,Managing,"Personal Savings, Blocked Account",Pursue Further Education,Better,Yes,A1,Student,Berlin,Freie Universität Berlin,MSc Geographies of Global Inequalities,Christianity,"English, Asante Twi",4
Male,26 - 35,Single,Africa,Ghana,Bachelor´s Degree,Master´s Degree,Private,"Better Education, Better Infrastucture, Foreign Exposure, Greener Pasture",Internet Search,Good,"Reviewing Lecture Notes, Creating Study Guides, Participating in Study Groups, Using Online Resources",Always,Yes,English,Very Satisfied,Excellent,Similar,"Yes, Always",Shared Apartment,Satisfied,"Part - Time Job, Blocked Account",Seek Employment in Germany,Best,No,NA,Student,Berlin,BSBI,MSc information technology management,Christianity,English,5
Female,36 -45,Married,Africa,Ghana ,Post Doctoral,Others,"Not Applicable. Currently, a researcher after the successful completion of my Ph.D. in the year 2023 at the Humboldt University of Berlin. ","Better Infrastucture, Foreign Exposure","Internet Search, Academic Colleague",Excellent,"Reviewing Lecture Notes, Creating Study Guides, Participating in Study Groups, Using Online Resources, Note: All the above answers are in relation to my Masters in Germany in the year 2013-2014 at TU Dortmund. Kindly note that, for my Ph.D., it was fully research based and was 100% examined on my dissertation. All in all, I did not need to take any other exams in relation to other courses for my Ph.D..",Always,Yes,English,Very Satisfied,Good,Similar,"Yes, most of the time",Rented Flat,Satisfied,"Scholarships / Grants, Others, From my family (spouse)",Seek Employment in Germany,Better,No,A2,Student,Berlin,No longer a student after my Ph.D.,"Based on the answers I've given already, my masrers programme was Msc. Regional Development Planning and Management (SPRING) at TU Dortmund, and my Ph.D. programme was Ph.D. in Transportation Geography. ",Christianity,"English, German",5
Male,26 - 35,Single,Africa,Ghana,Master´s Degree,Master´s Degree,Private,"Better Education, Foreign Exposure, Greener Pasture",Internet Search,Good,Personal studies,Always,Yes,English,Neutral,Fair,Less Challenging,"Yes, most of the time",Shared Apartment,Managing,"Part - Time Job, Blocked Account",Seek Employment in Germany,Good,No,A2,Student,Berlin,IU International University of Applied Sciences,Business Administration,Christianity,English,3
Female,26 - 35,Single,Africa,Ghana,Bachelor´s Degree,Bachelor´s Degree,Private,"Better Education, Better Infrastucture, Foreign Exposure, Greener Pasture",Academic Colleague,Good,"Reviewing Lecture Notes, Participating in Study Groups, Using Online Resources",Sometimes,No,English,Dissatisfied,Fair,More Challenging,"Yes, Always",Student Hostel,Managing,"Blocked Account, Others",Others,Good,Yes,B1,Student,Berlin,BSBI,Health management,Christianity,English,3
Female,36 -45,Single,Africa,Ghana,Bachelor´s Degree,Bachelor´s Degree,Private,Better Education,Internet Search,Good,Reviewing Lecture Notes,Always,Yes,English,Very Satisfied,Fair,More Challenging,"Yes, Always",Shared Apartment,Managing,Blocked Account,Return to my home country,Better,No,A1,Employed,Lower Saxony,BSBI,International health management,Christianity,,4
Male,26 - 35,Single,Africa,Ghana,Master´s Degree,Master´s Degree,Private,Better Infrastucture,Internet Search,"Excellent, Good",Using Online Resources,Always,Yes,English,Satisfied,Good,Less Challenging,"Yes, Always",Shared Apartment,Satisfied,Blocked Account,Seek Employment in Germany,Better,Yes,A1,Student,Berlin,BSBI,MSc Data Analytics,Christianity,English,5
Female,26 - 35,Married,Russia,Russian,Bachelor´s Degree,Master´s Degree,Private,Foreign Exposure,"Commercial service, Consultant ",Good,"Reviewing Lecture Notes, Using Online Resources",Always,No,English,Neutral,Fair,More Challenging,"Yes, Always",Shared Apartment,Managing,"Personal Savings, Part - Time Job, Blocked Account",Seek Employment in Germany,Better,No,B1,Student,Berlin,BSBI,MBA,Christianity,"English, Russian, German",3
Male,36 -45,Single,Africa,Ghana,Master´s Degree,Master´s Degree,Private,Greener Pasture,Internet Search,Excellent,Reviewing Lecture Notes,Always,Yes,English,Neutral,Fair,More Challenging,"Yes, Always",Rented Flat,Managing,"Personal Savings, Part - Time Job, Blocked Account, Loans","Seek Employment in Germany, Pursue Further Education",Better,Yes,A1,Employed,Berlin,BSBI,Global MBA,Christianity,English,4
Male,56 -65,Married,Africa,Nigeria,Higher National Diploma,Master´s Degree,Public,Foreign Exposure,Conference / Workshop,Good,Participating in Study Groups,Always,,English,Satisfied,Good,Less Challenging,"Yes, Always",Shared Apartment,Satisfied,"Personal Savings, Part - Time Job",Others,Better,Yes,A2,Student,Deutschland,German University,,Christianity,English,4
Male,66 and Above,Married,Africa,Nigeria,Doctorate / PhD,Doctorate / PhD,None,"Better Education, Better Infrastucture, Foreign Exposure",Internet Search,Excellent,"Reviewing Lecture Notes, Participating in Study Groups, Using Online Resources",Always,Yes,English,Satisfied,Good,More Challenging,"Yes, most of the time",Student Hostel,Managing,"Personal Savings, Part - Time Job",Pursue Further Education,Better,No,NA,Unemployed,Berlin,,,Christianity,"English, Yoruba ",3
Male,26 - 35,Married,Europe,Belgium,"Bachelor´s Degree, Master´s Degree",Master´s Degree,Private,Foreign Exposure,Internet Search,"Excellent, Good","Reviewing Lecture Notes, Using Online Resources",Always,Yes,German + English,Neutral,Fair,Less Challenging,"Yes, most of the time",Shared Apartment,Managing,Personal Savings,Others,Bad,No,B2,Student,Berlin,BSBI,Data analytics,Christianity,"English, Russian, German",3
Male,26 - 35,Single,Africa,Ghana,Master´s Degree,Master´s Degree,Private,"Better Education, Better Infrastucture, Foreign Exposure, Greener Pasture",Internet Search,Good,"Reviewing Lecture Notes, Creating Study Guides, Using Online Resources",Always,No,English,Very Satisfied,Excellent,Similar,"Yes, Always",Shared Apartment,Managing,"Part - Time Job, Blocked Account",Seek Employment in Germany,Best,No,A1,Student,Berlin,BSBI,MSc Information Technology management,Christianity,English,4
Male,36 -45,Married,Africa,Ghana,Master´s Degree,Master´s Degree,Public,"Better Education, Better Infrastucture, Foreign Exposure, Greener Pasture","Internet Search, Academic Colleague",Excellent,"Reviewing Lecture Notes, Creating Study Guides, Participating in Study Groups, Using Online Resources",Always,Yes,English,Very Satisfied,Excellent,More Challenging,"Yes, Always",Student Hostel,Very Satisfied,"Personal Savings, Part - Time Job",Seek Employment in Germany,Best,Yes,A2,Employed,Berlin,University of Humboldt,Finance,Christianity,"English, Mandarin Chinese, German",5
Male,26 - 35,Single,Asia,India,Master´s Degree,Bachelor´s Degree,Private,"Better Education, Better Infrastucture, Foreign Exposure",Internet Search,Average / Fair,"Reviewing Lecture Notes, Creating Study Guides, Using Online Resources",Sometimes,No,English,Neutral,Fair,Less Challenging,"Yes, most of the time",Shared Apartment,Managing,"Part - Time Job, Blocked Account",Seek Employment in Germany,Good,No,A1,Student,Berlin,BSBI,Data analytics,Christianity,"English, Hindi",4
Male,"18 - 25, 26 - 35",Married,Africa,Ivory coast,"Bachelor´s Degree, Master´s Degree",Master´s Degree,Public,Family,Father,Excellent,"Reviewing Lecture Notes, Using Online Resources",Always,Yes,German,"Very Satisfied, Satisfied",Fair,More Challenging,"Yes, Always",Rented Flat,Satisfied,"Part - Time Job, Loans","Seek Employment in Germany, Pursue Further Education",Good,No,C2,Employed,Berlin,FU/ University of  Potsdam,"Master of science Math/ Math of education Math, Physics",Christianity,"English, French, German",4
Male,26 - 35,Married,Africa,Nigeria,Master´s Degree,Master´s Degree,Public,"Better Education, Better Infrastucture, Foreign Exposure, Greener Pasture",Through recommendations,Good,Using Online Resources,Sometimes,Yes,English,Very Satisfied,Excellent,More Challenging,"Yes, Always",Student Hostel,Very Satisfied,"Part - Time Job, Blocked Account",Seek Employment in Germany,Best,Yes,C1,Employed,Berlin,Brandenburgische Technische Universität Cottbus,Msc. Power Engineering,Christianity,"English, German",5
Male,56 -65,Married,Africa,Pakistan,Master´s Degree,Master´s Degree,Private,Foreign Exposure,Internet Search,Excellent,Reviewing Lecture Notes,Always,Yes,German + English,Satisfied,Excellent,Less Challenging,"Yes, most of the time",Shared Apartment,Managing,Blocked Account,Pursue Further Education,Better,Yes,B1,Student,State district,Bonn,Logistics &supply management,Christianity,English,3
Male,36 -45,Married,Asia,Indonesia,Master´s Degree,Master´s Degree,Private,Better Infrastucture,Internet Search,Excellent,Creating Study Guides,Always,Yes,English,Very Satisfied,Good,More Challenging,"Yes, Always",Shared Apartment,Managing,Blocked Account,Pursue Further Education,Better,Yes,A2,Student,Altstadt(Old Town),Technical university of Munich(Tum),Management & technology consumer science,Christianity,English,4
Male,56 -65,Married,Asia,Thailand,Master´s Degree,Master´s Degree,Private,Foreign Exposure,Internet Search,Good,Creating Study Guides,Always,Yes,English,Satisfied,Good,More Challenging,"Yes, most of the time",Shared Apartment,Managing,Blocked Account,Pursue Further Education,Better,Yes,B2,Student,Altstadt,University of Bonn,Agricultural and food economics,Christianity,English,3
Male,56 -65,Married,Asia,India,Master´s Degree,Master´s Degree,Private,Better Infrastucture,Internet Search,Excellent,Reviewing Lecture Notes,Always,Yes,English,Very Satisfied,Excellent,More Challenging,"Yes, Always",Shared Apartment,Managing,Blocked Account,Pursue Further Education,Better,Yes,B2,Student,Altstadt (Old Town),University at munchen(Lamu),American History,Christianity,English,3
Female,36 -45,Married,Asia,Thailand,Master´s Degree,Master´s Degree,Private,Foreign Exposure,Internet Search,Good,"Reviewing Lecture Notes, Using Online Resources",Always,Yes,English,Satisfied,Good,More Challenging,"Yes, Always",Shared Apartment,Satisfied,"Part - Time Job, Blocked Account","Seek Employment in Germany, Pursue Further Education",Best,Yes,A2,Student,Plagwitz,Lancaster University Leipzig,Cybersecurity,Christianity,"English, Thai",4
Female,36 -45,Single Parent,Africa,Ivory Coast,Master´s Degree,Master´s Degree,Private,"Better Education, Better Infrastucture, Foreign Exposure",Academic Colleague,Good,"Reviewing Lecture Notes, Using Online Resources",Always,Yes,English,Very Satisfied,Good,More Challenging,"Yes, most of the time",Shared Apartment,Satisfied,"Part - Time Job, Blocked Account","Seek Employment in Germany, Pursue Further Education",Best,Yes,A2,Student,Schwabing West,Ludwig-Maximilians-Universität München (LMU),Epidemiology,Christianity,"English, French",5
Male,56 -65,Married,North America,Isarvorstadt,Master´s Degree,Master´s Degree,Private,Foreign Exposure,Internet Search,Good,Reviewing Lecture Notes,Always,Yes,English,Satisfied,Excellent,More Challenging,"Yes, most of the time",Shared Apartment,Managing,Blocked Account,Pursue Further Education,Better,Yes,B2,Student,Sudvorstdt,Ludwig Maximilian university(Lamu),Physics Epidemiology,Christianity,English,3
Male,56 -65,Married,Africa,Tanzania,Master´s Degree,Master´s Degree,Private,Foreign Exposure,Internet Search,Excellent,Reviewing Lecture Notes,Always,Yes,English,Satisfied,Excellent,More Challenging,"Yes, Always",Shared Apartment,Managing,Blocked Account,Pursue Further Education,Better,Yes,B1,Student,Endenich,University of Bonn,Agricultural economics and social science,Christianity,English,4
Male,56 -65,Married,Africa,Ethiopia,Master´s Degree,Master´s Degree,Private,Better Education,Internet Search,Excellent,Reviewing Lecture Notes,Always,Yes,English,Satisfied,Good,Similar,"Yes, Always",Shared Apartment,Managing,Blocked Account,Pursue Further Education,Best,Yes,B1,Student,Endenich,University of Bonn,Agricultural economics and social science,Christianity,English,4
Male,56 -65,Married,Africa,Kenya,Master´s Degree,Master´s Degree,,Better Infrastucture,Internet Search,Good,Creating Study Guides,Always,Yes,English,Satisfied,Good,More Challenging,"Yes, most of the time",Shared Apartment,Managing,Blocked Account,Pursue Further Education,Better,Yes,B2,Student,Endenich,University of Bonn,Agricultural and social science,Christianity,English,4
Male,56 -65,Married,Asia,Plagwitz,Master´s Degree,Master´s Degree,Private,Foreign Exposure,Internet Search,Excellent,Reviewing Lecture Notes,Always,Yes,English,Satisfied,Excellent,More Challenging,"Yes, most of the time",Shared Apartment,Satisfied,Blocked Account,Pursue Further Education,Better,Yes,B2,Student,Plagwitz,Lancaster University Leipzig,Cyber security,Christianity,English,4
Male,46 - 55,Married,Asia,Oceania,Master´s Degree,Master´s Degree,Private,Foreign Exposure,Internet Search,Excellent,Creating Study Guides,Always,Yes,English,Very Satisfied,Excellent,Similar,"Yes, Always",Shared Apartment,Managing,Blocked Account,Pursue Further Education,Best,Yes,B1,Student,Reudnitz,Lancaster University of Leipzig,Logistics & supply chain mgt,Christianity,English,5
Male,56 -65,Married,Asia,Plagwitz,Master´s Degree,Master´s Degree,Private,Foreign Exposure,Internet Search,Excellent,Reviewing Lecture Notes,Always,Yes,English,Satisfied,Excellent,More Challenging,"Yes, most of the time",Shared Apartment,Satisfied,Blocked Account,Pursue Further Education,Better,Yes,B2,Student,Plagwitz,Lancaster University Leipzig,Cyber security,Christianity,English,4
Male,56 -65,Married,Africa,Lindenau,Master´s Degree,Master´s Degree,Private,Foreign Exposure,Internet Search,Excellent,Reviewing Lecture Notes,Always,Yes,English,Very Satisfied,Excellent,More Challenging,"Yes, most of the time",Shared Apartment,Satisfied,Blocked Account,Pursue Further Education,Best,Yes,B1,Student,Lindenau,Lancaster University of Leipzig,Data science,Christianity,English,5
Male,56 -65,Married,Africa,Oceania,Master´s Degree,Master´s Degree,Private,Better Infrastucture,Internet Search,Excellent,Creating Study Guides,Always,Yes,English,Satisfied,Excellent,More Challenging,"Yes, most of the time",Shared Apartment,Satisfied,Blocked Account,Pursue Further Education,Best,Yes,B2,Student,,Reudnitz,Logistics supply mgt,Christianity,English,3
Male,56 -65,Married,North America,North America,Master´s Degree,Master´s Degree,Private,Better Infrastucture,Internet Search,Excellent,Creating Study Guides,Always,Yes,English,Satisfied,Excellent,More Challenging,"Yes, most of the time",Shared Apartment,Managing,Blocked Account,Pursue Further Education,Better,Yes,B1,Student,Sudvorstdt,Lancaster University of Leipzig,Management cyber security,Christianity,English,4
Male,56 -65,Married,Asia,Turkey,Master´s Degree,Master´s Degree,Private,Foreign Exposure,Internet Search,Excellent,Reviewing Lecture Notes,Always,Yes,English,Very Satisfied,Excellent,More Challenging,"Yes, Always",Shared Apartment,Managing,Blocked Account,Pursue Further Education,Best,Yes,B2,Student,Altstadt Old Town,Ludwig Maximilian university munchen ( Lamu),America history,Christianity,English,4
Male,56 -65,Married,Africa,Tanzania,Master´s Degree,Master´s Degree,Private,Better Education,Internet Search,Excellent,Reviewing Lecture Notes,Always,Yes,English,Satisfied,Excellent,Less Challenging,"Yes, most of the time",Shared Apartment,Very Satisfied,Blocked Account,Pursue Further Education,Better,Yes,B2,Student,Scwabing west,Ludwig Maximilian university munchen ( Lamu),Quantitative Economics,Christianity,English,5
Male,56 -65,Married,Africa,Ethiopia,Master´s Degree,Master´s Degree,Private,Foreign Exposure,Internet Search,Excellent,Participating in Study Groups,Always,Yes,English,Satisfied,Excellent,More Challenging,"Yes, Always",Shared Apartment,Managing,Blocked Account,Pursue Further Education,Best,Yes,C1,Student,Ludwig vorstadt,Ludwig Maximilian university of munchen (Lmu),Bioinformatics,Christianity,English,4
Male,56 -65,Married,Asia,Pakistan,Master´s Degree,Master´s Degree,Private,Foreign Exposure,Internet Search,Excellent,Reviewing Lecture Notes,Always,Yes,English,Satisfied,Excellent,Similar,"Yes, Always",Shared Apartment,Managing,Blocked Account,Pursue Further Education,Best,Yes,B1,Student,Pakistan,Lancaster University Leipzig,Cyber security,Christianity,English,3
Male,56 -65,Married,Asia,Asia,Master´s Degree,Master´s Degree,Private,Foreign Exposure,Internet Search,Good,Participating in Study Groups,Always,Yes,English,Very Satisfied,Excellent,Less Challenging,"Yes, most of the time",Shared Apartment,Managing,Blocked Account,Pursue Further Education,Better,Yes,B1,Student,Altstadt,University of Bonn,Agricultural and food economics,Christianity,English,4
Male,56 -65,Married,Asia,Asia,Master´s Degree,Master´s Degree,Private,Better Infrastucture,Internet Search,Excellent,Reviewing Lecture Notes,Always,Yes,English,Very Satisfied,Excellent,Similar,"Yes, most of the time",Shared Apartment,Managing,Blocked Account,Pursue Further Education,Better,Yes,B1,Student,Pakistan,Lancaster University Leipzig,Cyber security,Christianity,English,4
Male,56 -65,Married,Europe,Austria,Master´s Degree,Master´s Degree,Private,Better Infrastucture,Internet Search,Good,Creating Study Guides,Always,Yes,English,Satisfied,Excellent,Similar,"Yes, most of the time",Shared Apartment,Managing,Blocked Account,Pursue Further Education,Better,Yes,B2,Student,Europe,Fom university of applied science Barlin,Cyber security management,Christianity,English,4
Male,56 -65,Married,Europe,Belgium,Master´s Degree,Master´s Degree,Private,Better Infrastucture,Internet Search,Excellent,Participating in Study Groups,Always,Yes,English,Very Satisfied,Good,More Challenging,,Shared Apartment,Satisfied,Blocked Account,Pursue Further Education,Better,Yes,B2,Student,Europe,Fom. University of applied science Barlin,Business analytics,Christianity,English,3
Male,56 -65,Married,Europe,Greece,Master´s Degree,Master´s Degree,Private,Better Education,Internet Search,Excellent,Reviewing Lecture Notes,Always,Yes,English,Satisfied,Excellent,More Challenging,"Yes, most of the time",Shared Apartment,Managing,Blocked Account,Pursue Further Education,Better,Yes,B2,Student,Europe,Fom university of applied science Barlin,Business analytics,Christianity,English,4
Male,56 -65,Married,Europe,Denmark,Master´s Degree,Master´s Degree,Private,Foreign Exposure,Internet Search,Excellent,Reviewing Lecture Notes,Always,Yes,English,Satisfied,Good,More Challenging,"Yes, Always",Shared Apartment,Managing,Blocked Account,Pursue Further Education,Better,Yes,B2,Student,Europe,Fom university of applied science Barlin,Cyber security management,Christianity,English,4
Male,56 -65,Married,Europe,Finland,Master´s Degree,Master´s Degree,Private,Better Education,Internet Search,Excellent,Participating in Study Groups,Always,Yes,English,Satisfied,Excellent,More Challenging,"Yes, most of the time",Shared Apartment,Managing,Blocked Account,Pursue Further Education,Best,Yes,B1,Student,Austria,Fom university of applied science Barlin,Cyber security,Christianity,English,3
Male,56 -65,Married,Europe,Greece,Master´s Degree,Master´s Degree,Private,Better Infrastucture,Internet Search,Good,Creating Study Guides,Always,Yes,English,Satisfied,Excellent,Less Challenging,"Yes, most of the time",Shared Apartment,Managing,Blocked Account,Pursue Further Education,Better,Yes,B2,Student,Europe,Akad university Barlin,Mechanical engineering,Christianity,English,4
Male,56 -65,Married,Europe,Belgium,Master´s Degree,Master´s Degree,Private,Foreign Exposure,Internet Search,Excellent,Reviewing Lecture Notes,Always,Yes,English,Satisfied,Good,Less Challenging,"Yes, most of the time",Shared Apartment,Managing,Blocked Account,Pursue Further Education,Better,Yes,B1,Student,Europe,Akad university of Barlin,Online marketing,Christianity,English,4
Male,56 -65,Married,Europe,Greece,Master´s Degree,Master´s Degree,Private,Better Infrastucture,Internet Search,Excellent,Reviewing Lecture Notes,Always,Yes,English,Satisfied,Good,Less Challenging,"Yes, Always",Shared Apartment,Managing,Blocked Account,Pursue Further Education,Best,Yes,C1,Student,Denmark,Akad university of Barlin,Industrial engineering,Christianity,English,4
Male,56 -65,Married,Europe,Austria,Master´s Degree,Master´s Degree,Private,Better Infrastucture,Internet Search,Excellent,Reviewing Lecture Notes,Always,Yes,English,Satisfied,Good,Similar,"Yes, most of the time",Shared Apartment,Managing,Blocked Account,Pursue Further Education,Better,Yes,B2,Student,Europe,Akad university of Barlin,Intelligent Data science,Christianity,English,4
Male,56 -65,Married,Europe,Europe,Master´s Degree,Master´s Degree,Private,Better Infrastucture,Internet Search,Excellent,Reviewing Lecture Notes,Always,Yes,English,Satisfied,Good,Similar,"No, occasionally",Shared Apartment,Satisfied,Blocked Account,Pursue Further Education,Better,Yes,B2,Student,Poland,Berlin international University of Applied,Cyber security Big Data and Africa Intelligence,Christianity,English,4
Male,56 -65,Married,Europe,Europe,Master´s Degree,Master´s Degree,Private,Better Education,Internet Search,Good,Creating Study Guides,Always,Yes,English,Satisfied,Excellent,More Challenging,"Yes, Always",Shared Apartment,Managing,Blocked Account,Pursue Further Education,Better,Yes,B2,Student,Italy,Berlin international University of Applied,Applied data science and analysis supply Chain,Christianity,English,4
Male,56 -65,Married,Europe,Europe,Master´s Degree,Master´s Degree,Private,Foreign Exposure,Internet Search,Excellent,Reviewing Lecture Notes,Always,Yes,English,Satisfied,Excellent,More Challenging,"Yes, Always",Shared Apartment,Managing,Blocked Account,Pursue Further Education,Best,Yes,B1,Student,Hungary,"SRH Distance learning university, Berlin ",Applied data science and analysis supply Chain,Christianity,English,4
Male,56 -65,Married,Europe,Austria,Master´s Degree,Master´s Degree,Private,Better Infrastucture,Internet Search,Excellent,Reviewing Lecture Notes,Always,Yes,English,Very Satisfied,Excellent,Similar,"Yes, most of the time",Shared Apartment,Satisfied,Blocked Account,Pursue Further Education,Better,Yes,B1,Student,Europe,Fom university of applied science Berlin,Cyber security management,Christianity,English,3
Male,56 -65,Married,Europe,Greece,Master´s Degree,Master´s Degree,Private,Better Education,Internet Search,Excellent,Reviewing Lecture Notes,Always,Yes,English,Satisfied,Good,More Challenging,"Yes, most of the time",Shared Apartment,Satisfied,Blocked Account,Pursue Further Education,Best,Yes,B2,Student,Europe,Akad university Berlin,Industrial engineering,Christianity,English,5
Male,56 -65,Married,Europe,Finland,Master´s Degree,Master´s Degree,Private,Better Education,Internet Search,Excellent,Reviewing Lecture Notes,Always,Yes,English,Very Satisfied,Excellent,Similar,"Yes, Always",Shared Apartment,Managing,Blocked Account,Pursue Further Education,Good,Yes,B2,Student,Europe,Akad university of Barlin,Online marketing,Christianity,English,4
Male,56 -65,Married,Africa,Kenya,Master´s Degree,Master´s Degree,Private,Better Infrastucture,Internet Search,Good,Reviewing Lecture Notes,Always,Yes,English,Satisfied,Excellent,Less Challenging,"Yes, most of the time",Shared Apartment,Managing,Blocked Account,Pursue Further Education,Better,Yes,B2,Student,Africa,University of Bonn,Agricultural economics and social science,Christianity,English,4
Male,56 -65,Married,Africa,Ethiopia,Master´s Degree,Master´s Degree,Private,Better Infrastucture,Internet Search,Average / Fair,Reviewing Lecture Notes,Always,Yes,English,Satisfied,Excellent,More Challenging,"Yes, most of the time",Shared Apartment,Managing,Blocked Account,Pursue Further Education,Better,Yes,B2,Student,Africa,University of Bonn,Agricultural economics and social science,Christianity,English,4
Male,56 -65,Married,Africa,Tanzania,Master´s Degree,Master´s Degree,Private,Better Education,Internet Search,Excellent,Reviewing Lecture Notes,Always,Yes,English,Very Satisfied,Excellent,More Challenging,"No, occasionally",Shared Apartment,Managing,Blocked Account,Seek Employment in Germany,Better,Yes,B2,Student,Africa,University of Bonn,Agricultural economics and social science,Christianity,English,3
Male,56 -65,Married,Asia,Plagwitz,Master´s Degree,Master´s Degree,Private,Better Education,Internet Search,Excellent,Reviewing Lecture Notes,Always,Yes,English,Satisfied,Good,Similar,"Yes, most of the time",Shared Apartment,Managing,Blocked Account,Seek Employment in Germany,Better,Yes,B1,Student,Asia,Lancaster University Leipzig,Cyber security,Christianity,English,5
Male,56 -65,Married,Asia,Oceania,Master´s Degree,Master´s Degree,Private,Better Education,Internet Search,Excellent,Creating Study Guides,Always,Yes,English,Very Satisfied,Excellent,More Challenging,"Yes, most of the time",Shared Apartment,Satisfied,Blocked Account,Pursue Further Education,Best,Yes,B2,Student,Reudnitz,Lancaster University Leipzig,Logistic and supply chain (mgt),Christianity,English,4
Male,46 - 55,Married,Asia,Asia,Master´s Degree,Master´s Degree,Private,Better Infrastucture,Academic Colleague,Excellent,Reviewing Lecture Notes,Always,Yes,English,Satisfied,Excellent,More Challenging,"Yes, Always",Shared Apartment,Managing,Blocked Account,Pursue Further Education,Better,Yes,B2,Student,Plagwitz,Lancaster University Leipzig,Logistic and supply chain (mgt),Christianity,English,4
Male,46 - 55,Married,Asia,Asia,Master´s Degree,Master´s Degree,Private,Better Education,Internet Search,Good,Reviewing Lecture Notes,Always,Yes,English,Satisfied,Excellent,More Challenging,"Yes, most of the time",Shared Apartment,Managing,Blocked Account,Pursue Further Education,Good,Yes,B2,Student,Plagwitz,Lancaster University of Leipzig,Cyber security,Christianity,English,3
Male,46 - 55,Married,Asia,Asia,Master´s Degree,Master´s Degree,Private,Better Infrastucture,Internet Search,Good,Reviewing Lecture Notes,Always,Yes,English,Satisfied,Excellent,Less Challenging,"Yes, Always",Shared Apartment,Managing,Blocked Account,Pursue Further Education,Better,Yes,C1,Student,Altstadt Old Town,Ludwig Maximilians university of niunchen (Lmu)(Lmu,America history,Christianity,English,4
Male,46 - 55,Married,Africa,Africa,Master´s Degree,Master´s Degree,Private,Better Infrastucture,Internet Search,Excellent,Creating Study Guides,Always,Yes,English,Satisfied,Good,More Challenging,"Yes, most of the time",Shared Apartment,Managing,Blocked Account,Pursue Further Education,Better,Yes,B1,Student,Scwabing west,Lancaster University Leipzig,Quantitative Economics,Christianity,English,4
Male,56 -65,Married,Europe,Austria,Master´s Degree,Master´s Degree,Private,Better Education,Internet Search,Good,Creating Study Guides,Always,Yes,English,Satisfied,Excellent,More Challenging,"Yes, Always",Shared Apartment,Managing,Blocked Account,Pursue Further Education,Good,Yes,B2,Student,Europe,Fom university of applied science Barlin,Cyber security management,Christianity,English,4
Male,46 - 55,Married,Europe,Denmark,Master´s Degree,Master´s Degree,Private,Better Infrastucture,Internet Search,Good,Reviewing Lecture Notes,Always,Yes,English,Satisfied,Excellent,Less Challenging,"Yes, most of the time",Shared Apartment,Managing,Blocked Account,Pursue Further Education,Better,Yes,B2,Student,Europe,Fom university of applied science Barlin,Business analytics,Christianity,English,4
Male,56 -65,Married,Europe,Belgium,Master´s Degree,Master´s Degree,Private,Better Infrastucture,Internet Search,Excellent,Reviewing Lecture Notes,Always,Yes,English,Satisfied,Excellent,Less Challenging,"Yes, most of the time",Shared Apartment,Managing,Blocked Account,Pursue Further Education,Better,Yes,C1,Student,Europe,Akad university Berlin,"Online marketing, industrial engineering ",Christianity,English,4
Male,26 - 35,Married,Africa,Namibia,Master´s Degree,Master´s Degree,Private,Better Infrastucture,Internet Search,Good,Reviewing Lecture Notes,Always,Yes,English,Satisfied,Good,Less Challenging,"Yes, most of the time",Shared Apartment,Managing,Blocked Account,Pursue Further Education,Better,Yes,B2,Student,Africa,Berlin international University Applied science,Master of business Administration's traction'( mba),Christianity,English,3
Male,26 - 35,Married,Africa,Morocco,Master´s Degree,Master´s Degree,Private,Better Infrastucture,Internet Search,Average / Fair,Reviewing Lecture Notes,Always,Yes,English,Satisfied,Good,Similar,"No, occasionally",Shared Apartment,Managing,Blocked Account,Pursue Further Education,Better,Yes,C1,Student,Africa,Berlin international University Applied science,Interior Architecture interior Design,Christianity,English,3
Male,26 - 35,Married,Africa,Ethiopia,Master´s Degree,Master´s Degree,Private,Better Infrastucture,Internet Search,Average / Fair,Creating Study Guides,Always,Yes,English,Satisfied,Good,Less Challenging,"Yes, most of the time",Shared Apartment,Managing,Blocked Account,Pursue Further Education,Better,Yes,C1,Student,Spandau,Berlin international University Applied science,Master of business Administration's traction' (mba),Christianity,English,3
Male,26 - 35,Married,Asia,Asia,Master´s Degree,Master´s Degree,Private,Foreign Exposure,Internet Search,Good,Reviewing Lecture Notes,Always,Yes,English,Satisfied,Good,More Challenging,"No, occasionally",Shared Apartment,Managing,Blocked Account,Pursue Further Education,Good,Yes,B1,Student,Altstadt,Technical university of munchen (Twm),Management technology,Christianity,English,3
Male,26 - 35,Married,Asia,Asia,Master´s Degree,Master´s Degree,Private,Better Education,Internet Search,,Reviewing Lecture Notes,Always,Yes,English,Satisfied,Good,Less Challenging,"Yes, Always",Shared Apartment,Managing,Blocked Account,Pursue Further Education,Better,Yes,C1,Student,Plagwitz,Technical university of Munich (Tum),Management Technology,Christianity,English,3
Male,26 - 35,Married,Africa,Africa,Master´s Degree,Master´s Degree,Private,Foreign Exposure,Internet Search,Good,Reviewing Lecture Notes,Always,Yes,English,Satisfied,Good,More Challenging,"Yes, most of the time",Shared Apartment,Managing,Blocked Account,Pursue Further Education,Better,Yes,C1,Student,Scwabing west,Technical university of Munich (Tum),Consumer science,Christianity,English,3
Male,26 - 35,Married,Africa,Africa,Master´s Degree,Master´s Degree,Private,Foreign Exposure,Academic Colleague,Excellent,Reviewing Lecture Notes,Always,Yes,English,Satisfied,Excellent,Similar,"Yes, most of the time",Shared Apartment,Managing,Blocked Account,Pursue Further Education,Good,Yes,C1,Student,Altstadt ( Old Town),Technical university of technology,Consumer science,Christianity,English,4
Male,26 - 35,Married,Africa,Africa,Master´s Degree,Master´s Degree,Private,Better Infrastucture,Internet Search,Excellent,Reviewing Lecture Notes,Always,Yes,English,Satisfied,Excellent,More Challenging,"Yes, Always",Shared Apartment,Managing,Blocked Account,Pursue Further Education,Better,Yes,B2,Student,Scwabing west,Ludwig Maximilian university of munchen (Lmu),Quantitative Economics,Christianity,English,4
Male,36 -45,Married,Asia,Indonesia,Master´s Degree,Master´s Degree,Private,Better Infrastucture,Internet Search,Excellent,Reviewing Lecture Notes,Always,Yes,English,Satisfied,Good,Similar,"Yes, most of the time",Shared Apartment,Managing,Blocked Account,Pursue Further Education,Better,Yes,C1,Student,Asia,Lancaster University Leipzig,Logistics supply chain,Christianity,English,3
Male,26 - 35,Married,Asia,India,Master´s Degree,Master´s Degree,Private,Better Education,Internet Search,Good,Reviewing Lecture Notes,Always,Yes,English,Satisfied,Excellent,More Challenging,"Yes, most of the time",Shared Apartment,Managing,Blocked Account,Pursue Further Education,Good,Yes,B2,Student,Asia,Lancaster University of Leipzig,Cyber security,Christianity,English,3
Male,26 - 35,Married,Asia,Altstadt,Master´s Degree,Master´s Degree,Private,Better Infrastucture,Internet Search,Excellent,Creating Study Guides,Always,Yes,English,Very Satisfied,Good,More Challenging,"No, occasionally",Shared Apartment,Managing,Blocked Account,Pursue Further Education,Better,Yes,C1,Student,Altstadt,University of Bonn,Cyber security,Christianity,English,3
Male,26 - 35,Married,Africa,Tunisia,Master´s Degree,Master´s Degree,Private,Better Infrastucture,Internet Search,Good,Creating Study Guides,Always,Yes,English,Satisfied,Excellent,More Challenging,"Yes, most of the time",Shared Apartment,Managing,Blocked Account,Pursue Further Education,Better,Yes,C1,Student,Altstadt,University of Bonn,Agricultural and food economics,Christianity,English,4
Male,26 - 35,Single,Asia,India,Master´s Degree,Bachelor´s Degree,Private,"Better Education, Better Infrastucture, Foreign Exposure","Internet Search, Academic Colleague",Good,"Reviewing Lecture Notes, Using Online Resources",Always,Yes,English,Satisfied,Good,Similar,"Yes, Always",Shared Apartment,Satisfied,"Personal Savings, Part - Time Job",Seek Employment in Germany,Good,No,A1,Student,Berlin,BSBI,MSc Data Analytics,Hinduism,"English, Hindi",3
Male,26 - 35,Single,Asia,India,Master´s Degree,Master´s Degree,Private,Foreign Exposure,Internet Search,Good,Creating Study Guides,Always,No,English,Satisfied,Fair,More Challenging,"Yes, Always",Shared Apartment,Satisfied,"Part - Time Job, Blocked Account",Seek Employment in Germany,Better,No,A2,Student,Berlin,BSBI,Msc Data Analytics,Hinduism,"English, Hindi, German",3
Male,36 -45,Married,Asia,India,Bachelor´s Degree,Master´s Degree,Private,Foreign Exposure,Internet Search,Average / Fair,Using Online Resources,Sometimes,No,English,Satisfied,Good,Similar,"Yes, Always",Shared Apartment,Bad,Blocked Account,Seek Employment in Germany,Good,Yes,A1,Student,Hiedesse,BSBI,MSc Data Analyst,Hinduism,Hindi,3
Male,18 - 25,Single,Asia,India,Bachelor´s Degree,Bachelor´s Degree,Private,"Better Education, Better Infrastucture, Foreign Exposure, Greener Pasture","Internet Search, Academic Colleague",Excellent,"Reviewing Lecture Notes, Creating Study Guides",Always,Yes,English,Satisfied,Good,Less Challenging,"No, occasionally",Rented Flat,Bad,"Part - Time Job, Loans","Seek Employment in Germany, Return to my home country",Better,No,A1,"Student, Employed",Berlin,BSBI,Business management,Hinduism,"English, Hindi",3
Female,26 - 35,Single,Asia,India,Master´s Degree,Master´s Degree,Private,Better Education,Internet Search,Excellent,"Reviewing Lecture Notes, Using Online Resources",Sometimes,No,English,Satisfied,Good,Similar,"Yes, most of the time",Shared Apartment,Managing,"Part - Time Job, Blocked Account",Seek Employment in Germany,Better,No,A1,Student,Berlin,BSBI,MSc Data Analytics,Hinduism,English,5
Female,26 - 35,Single,Asia,India,Master´s Degree,Master´s Degree,Private,"Better Education, Better Infrastucture, Foreign Exposure, Greener Pasture",Internet Search,Good,"Reviewing Lecture Notes, Creating Study Guides, Participating in Study Groups, Using Online Resources",Always,Yes,English,Satisfied,Good,Similar,"Yes, Always",Shared Apartment,Satisfied,Personal Savings,Seek Employment in Germany,Better,Yes,A2,Student,Berlin,BSBI,MSC,Hinduism,Hindi,4
Male,26 - 35,Single,Asia,India,Master´s Degree,Master´s Degree,Private,Better Education,Internet Search,Excellent,Using Online Resources,Always,No,English,Very Satisfied,Excellent,Similar,"Yes, Always",Shared Apartment,Very Satisfied,Part - Time Job,Seek Employment in Germany,Good,No,A1,Student,Berlin,BSBI,Energy management,Hinduism,"English, Hindi, Gujarati",1
Male,36 -45,Single,Asia,India,"Bachelor´s Degree, Master´s Degree",Bachelor´s Degree,Private,"Better Education, Better Infrastucture, Foreign Exposure",Internet Search,"Excellent, Good","Creating Study Guides, Participating in Study Groups",Always,Yes,English,Very Satisfied,Excellent,Similar,"Yes, most of the time",Student Hostel,Satisfied,"Scholarships / Grants, Part - Time Job, Blocked Account","Return to my home country, Pursue Further Education",Good,No,A1,Student,Berlin,BSBI,Business management,Hinduism,"English, Hindi",4
Male,18 - 25,Single,Africa,Namibia,Bachelor´s Degree,Bachelor´s Degree,Private,Foreign Exposure,Internet Search,Good,"Reviewing Lecture Notes, Creating Study Guides, Using Online Resources",Always,Yes,English,Satisfied,Excellent,More Challenging,"Yes, Always",Student Hostel,Very Satisfied,"Personal Savings, Part - Time Job, Blocked Account","Seek Employment in Germany, Pursue Further Education",Better,No,NA,Student,Berlin,Arden University,Accounting and Finance,Islam,English,3
Male,36 -45,Married,Africa,Nigeria,Master´s Degree,Master´s Degree,Private,Better Education,Internet Search,"Good, Average / Fair",Combination the above results,Sometimes,Yes,English,Satisfied,Good,Less Challenging,"Yes, Always",Shared Apartment,Satisfied,Scholarships / Grants,Seek Employment in Germany,Best,Yes,A2,Student,Berlin,BSBI,MSc IHM,Islam,English,4
Male,26 - 35,Married,Africa,Nigeria,Master´s Degree,Master´s Degree,Public,"Better Education, Foreign Exposure",Academic Colleague,Excellent,"Reviewing Lecture Notes, Using Online Resources",Always,No,English,Very Satisfied,Excellent,More Challenging,"Yes, Always",Student Hostel,Very Satisfied,"Scholarships / Grants, Part - Time Job, Blocked Account",Seek Employment in Germany,Better,Yes,A2,Employed,Berlin,Technische Universität München,,Islam,"English, German",5
Female,26 - 35,Single,Asia,Iran,Bachelor´s Degree,Master´s Degree,Private,Foreign Exposure,Internet Search,Excellent,Using Online Resources,Sometimes,Yes,English,"Neutral, Dissatisfied",Fair,Similar,"No, occasionally",Shared Apartment,Satisfied,Personal Savings,Seek Employment in Germany,Better,No,A1,Student,Frankfurter Street,BSBI,MSc health management,Islam,Persian,3
Male,26 - 35,Widowed,Asia,Singapore,Master´s Degree,Master´s Degree,Private,Foreign Exposure,Internet Search,Average / Fair,"Reviewing Lecture Notes, Participating in Study Groups, Using Online Resources",Always,Yes,English,Very Satisfied,Good,More Challenging,"Yes, Always",Shared Apartment,Satisfied,"Part - Time Job, Blocked Account, Loans","Seek Employment in Germany, Pursue Further Education",Best,Yes,A2,Student,Endenich,University of Bonn,Bioinformatics,Islam,English,4
Male,36 -45,Divorced,Africa,Egypt,Master´s Degree,Master´s Degree,Private,"Better Education, Better Infrastucture, Foreign Exposure","Internet Search, Academic Colleague",Good,"Reviewing Lecture Notes, Creating Study Guides, Participating in Study Groups",Always,Yes,English,Satisfied,Good,More Challenging,"Yes, Always",Shared Apartment,Satisfied,"Personal Savings, Part - Time Job, Blocked Account","Seek Employment in Germany, Pursue Further Education",Better,Yes,A2,Student,Au-Haidhausen,Ludwig-Maximilians-Universität München (LMU),Quantitative Economics,Islam,English,4
Female,18 - 25,Single,Asia,Vietnam,Master´s Degree,Master´s Degree,Private,Better Education,Government Sponsorship,Good,Using Online Resources,Always,No,English,Neutral,Fair,Similar,"Yes, most of the time",Shared Apartment,Managing,Part - Time Job,Seek Employment in Germany,Better,No,A1,Employed,Lichtenberg,BSBI,MSc Data Analytics,No religion,"English, Vietnamese",3
Male,26 - 35,Single,Europe,Turkey,Master´s Degree,Master´s Degree,Private,Foreign Exposure,Internet Search,Excellent,"Reviewing Lecture Notes, Creating Study Guides, Participating in Study Groups, Using Online Resources",Always,No,English,Neutral,Fair,Less Challenging,"Yes, Always",Shared Apartment,Bad,Part - Time Job,Seek Employment in Germany,Bad,No,B1,"Student, Employed",Student,BSBI,Data analytics,Nothing,"English, German, Turkish",1
Male,26 - 35,Single,Africa,Ghana,Bachelor´s Degree,Bachelor´s Degree,Private,Unique program of study,Internet Search,"Excellent, Good",Reviewing Lecture Notes,Always,No,English,Satisfied,Fair,Less Challenging,"Yes, most of the time",Shared Apartment,Managing,"Personal Savings, Others",Pursue Further Education,Better,No,NA,Student,Berlin,BSBI,Bsc. (Hons) International Business and Management,Still figuring out where to belong but believe there is God/Allah,"English, Spanish",5
Female,26 - 35,Single,Asia,Iran,Master´s Degree,Master´s Degree,Private,Better Education,Recommendation,Excellent,"Reviewing Lecture Notes, Participating in Study Groups, Using Online Resources",Sometimes,Yes,English,Satisfied,Good,Similar,"Yes, Always",Rented Flat,Satisfied,"Personal Savings, Part - Time Job, Blocked Account",Seek Employment in Germany,Good,No,NA,Loss of Job,Berlin,BSBI,Data Analytics,,"English, Persian ",4